"pos_x","pos_y"
2166.9,2013.2
2724.2,2012.1
2628.7,2016.6
2057.1,2017.4
2126.6,2018.1
2323,2021.4
2188.3,2023.6
2118.3,2023.8
2696.1,2022.1
2476.1,2028.4
2110.1,2024
1961.4,2024.7
2034.4,2024.2
2126.9,2025.5
2040.7,2026.3
2401.1,2026.8
1859.7,2028
2222.4,2029.2
2319.5,2028
2230.9,2032.9
2133,2032
2108.4,2034.2
2053.6,2032.8
2125.6,2036.9
2115.8,2038.1
2512.3,2039.2
2600,2037
2716,2038
2058.3,2038.3
2732.1,2040.1
2044,2040.4
2223.4,2043.3
1970.6,2041.3
2050.5,2041.9
1952,2042.6
2310.3,2043.3
2522.1,2042.7
2727.5,2045.3
2689.4,2048.7
2177.5,2047.8
2113,2046.8
2482.4,2049.8
2295.6,2048.7
2493.2,2047.9
2284,2049.9
2020.1,2053.1
2072.1,2048.9
2720.3,2052.7
2225,2054.3
2057.7,2055
2066.8,2053.1
2093.3,2056.3
2360.4,2056.2
2046.7,2055.5
2702.1,2055.7
2204,2057.4
1941.9,2059.1
2322.8,2061.2
2013.6,2060.8
2542.9,2062.3
2721.1,2061
2687.4,2062.2
2648.8,2062.6
2589.6,2064.3
2207.8,2064.5
2682.8,2066.8
1887,2070.4
2120.8,2069.7
2709.3,2068.4
2026.1,2071.4
2065.4,2072
2642.7,2071.1
2149.2,2072.7
2653,2074.1
2056.3,2073.4
2232.5,2073.6
2359.9,2074.8
2687.8,2077.5
2225.5,2077.3
2049.5,2077.8
2131.9,2077.8
2029.6,2078.5
2541.4,2079
2708.8,2076.4
1877.7,2078.4
2413.1,2081
2572.1,2080.5
2700.2,2078.9
2424.1,2079.8
2535.3,2077.9
1891.4,2081.1
2577.6,2081.6
2311.1,2083.2
2739.7,2081
2473.7,2082.8
2562.8,2084.6
2683.5,2086.6
2733.2,2085.5
1897.3,2089.5
2336.3,2085.2
2647.4,2084.5
2696.9,2087
2538.9,2088
2045.2,2086.6
1908,2087.6
2573.9,2089.1
2656.9,2089.8
2665.7,2087.7
2414.7,2088.7
2333.3,2092.7
2223,2088.7
2272,2092.2
2551.3,2095.4
1977.9,2090.3
2139.6,2093.2
2712.1,2093.2
2305.2,2092.8
2246.5,2095.3
2255.1,2093.9
2282.8,2095.7
2149.4,2097.2
2494,2096.5
2541.8,2095.1
2052.8,2097.1
2573.6,2095.7
2591.9,2098
2070.9,2102.2
1978,2100.1
2090.9,2098.3
2165.5,2097.2
2555.8,2100.6
2199.4,2101.9
2078.4,2099.1
2522.7,2104.2
2735.1,2101
2161.7,2102
2533,2102
1969.4,2104.4
2511.8,2103.9
2271.4,2103.4
2621.6,2103.5
2627,2104.9
2546.2,2108.7
2248.9,2106.7
2241.4,2108.3
2448.4,2108.7
2174.6,2112.6
2513.8,2112.3
2536.1,2111.4
2280.6,2111.2
2157.3,2113
2234.5,2113.1
2063.6,2115.7
2270.6,2115.4
2206.1,2116.2
1922.9,2118.4
2069.4,2116.4
2278.5,2118.1
2335.4,2121.1
2510.9,2119.8
2641,2118.2
1983.7,2119.8
2161.1,2122.7
2182.7,2121.3
2356.8,2119.4
2142.6,2121.8
2244.2,2121.2
2237.2,2120.6
2213.3,2123.2
2605.4,2122
2067.6,2124.6
2124.4,2123.2
2327.8,2125.5
2353.9,2124.1
2188.5,2124.9
2713.1,2124.8
2666.7,2126.9
2233.5,2128.6
2350.1,2128
1969.1,2131.3
2340.8,2130.9
2711.2,2129.8
2186,2130.3
2238.7,2130.4
2442.1,2131.8
2105.7,2133.1
2646.7,2133.6
2429.7,2132.1
2561.2,2142.4
2428.7,2140.4
2176.2,2136.3
1960.5,2138.7
2079.2,2141.8
2089.7,2139.4
2167.2,2140.5
2584,2140.3
2267.3,2143.4
2127.7,2141.9
2152.4,2142.6
2395,2141.6
2630.6,2143.4
2535.8,2144.7
2173.8,2143.7
2190.9,2143.9
2438.2,2144.3
2037.7,2145.7
2258.7,2146.1
2642.2,2144.3
2010.3,2144.6
2410.1,2147.7
2322.4,2148.4
2015,2149.7
1908.4,2151.5
2141.4,2152.5
2187.5,2153.5
2635.9,2154
2317,2153.1
2261.6,2155.1
2335,2156.1
2647,2153.6
2074.3,2155.4
2255.3,2154.8
2054.1,2156.8
2410.4,2154.6
1857.8,2158.9
2312.9,2155.7
2345.1,2155.9
2214.5,2159.4
2586.5,2157.7
2017.5,2161.8
2181.3,2159.8
2079.8,2161.7
2170.2,2163.4
2457,2162.2
2731.1,2164.4
2202,2163.2
2120.7,2165.2
2346.8,2164.1
2025,2166.8
2207,2168.5
2055.3,2168.2
2250.3,2168.7
2694.3,2166.8
2588.9,2168.1
2267.8,2169.5
2454.4,2169.7
2651.3,2170.1
2687.6,2168.3
2229.7,2171
2703.1,2170.5
2138.4,2170.8
2257.9,2170.4
2218.6,2172.2
2412.2,2172.5
2152.6,2172.6
2010.4,2171.1
2004.3,2172.1
2427.7,2173.7
2280.7,2172.9
1962.8,2174.4
2474.9,2175.1
2193,2174.5
2687.7,2175.5
2641.9,2175
2695.3,2177.8
2711.1,2176
2286.2,2176.8
2277,2179.3
2112,2177.6
2038,2179.9
2670.6,2179.7
2269.1,2180.7
2376.9,2180.7
2738.7,2180.7
2164,2182.1
2414.5,2184
2509.3,2183.7
2280.7,2183.1
2688.5,2182.5
2201.8,2184.8
2273.4,2186.3
2650.8,2186.7
2668.6,2186.9
2683.4,2186.9
2171.3,2189.7
2718.4,2192.6
2181.3,2190.8
2204.5,2194.2
2109.2,2191.3
2405.2,2195.6
2510.8,2193.1
2141.5,2191.8
2212.8,2192.1
2669.9,2192.3
2662.1,2194.5
1841.5,2195.8
1870,2197.1
2177.9,2196.3
2146.1,2197.5
1894,2200
2076.8,2199.1
2006.5,2198.1
2113.5,2199.7
2134.7,2199.1
2739.6,2198.9
2732.6,2201.4
2013.2,2201.1
2196.3,2200.2
2226.2,2202.2
2220.4,2206.9
2537.6,2204.3
2210.3,2204.1
2244.1,2206.1
2632,2204.7
1842.3,2206.8
2199.6,2207.4
2456.5,2208.7
1930.2,2208.9
2381.2,2207.4
2340.4,2209.9
2684.7,2208.8
2364.4,2210.4
2653.7,2209.9
2063.3,2210.1
2231.9,2210.3
2709,2211.6
2209.4,2211.1
2322.6,2211.3
2471.8,2216.2
2676.2,2212.1
2085,2213.5
2382.9,2214.7
2005,2217.2
2355.3,2214.9
2166.4,2214.6
2700.7,2215.2
1977.5,2217.2
2225,2215.4
2415.2,2218.2
2493.2,2217
2143.9,2217.3
2044.5,2217.5
1916.4,2220.3
2663.4,2222.1
2285.8,2222.2
2645.6,2222.9
2430.1,2223.4
1978,2230.3
2574.8,2226.1
2207.8,2226.5
2214.1,2226.9
2580.9,2228.2
2053.1,2228.4
2653.2,2227.2
1929.5,2230.2
2729.1,2228.7
2202.5,2228.2
2313.1,2229.3
2340.1,2228.4
2660.1,2230.3
2680.6,2228.8
2266.2,2230.2
2460.2,2231.9
2668.1,2231.8
2090.2,2232.2
2401.1,2232.5
2706.1,2231.6
2213.7,2232.2
2258.1,2231.6
2649.1,2234.4
2749.9,2232.5
2202.2,2234.9
2563,2234.1
2569.3,2238.3
2748.8,2237.7
2050.9,2239.5
2703,2239
2400.3,2239.9
2433,2238.2
2335.7,2238.3
2632.3,2240.3
2524.3,2242.6
2309.7,2243.7
2417.7,2241.8
2012.1,2243.7
1984.5,2242.8
2685.8,2244
2368.5,2242.8
2035.4,2244.5
2708.7,2244.6
2276.5,2246.1
2289.8,2249.1
2174.9,2247.2
2192.3,2252.1
1983.9,2252.9
2201.7,2249.8
2266.1,2249.2
1922.5,2252
2720.4,2251.2
2649.6,2250.8
1940.3,2252.6
2386.7,2253.1
1871,2254.3
2741.8,2254.7
2467.1,2254
2654.5,2258.7
2701,2254.7
2492,2257.1
2561.5,2257.1
2086.4,2257.2
2714.2,2258.2
2079.2,2260.2
2101.6,2259.2
1921.2,2259.8
2705.6,2261.3
2359.7,2264.6
2169.5,2262.3
2323.2,2263.9
1916.1,2263.8
2635.1,2264.8
2185.3,2265.7
1922.2,2270.9
2689.9,2267.2
2425.8,2270.3
1967.1,2272
2590,2272.7
2635.7,2271.6
2746.7,2273.8
2058.9,2276.3
2372.6,2273
2452,2277.9
2384.8,2278.4
2665.6,2281
2660.1,2282.8
2210.4,2282.8
2596.8,2282.4
1885.5,2283.1
2565.8,2285.2
2272.7,2283.6
2242.5,2283.9
2131.3,2285
2478,2286
2055.9,2284.8
2681,2285.3
2384,2288.1
2634.5,2286.9
2696.2,2287.5
2269.9,2288.5
2686.6,2288.7
2261.5,2293
2304.8,2290.4
2642.3,2293.2
2342.7,2293.3
2107.9,2293.1
1964,2295.9
2448.3,2293.6
2591.3,2296.9
2705.5,2294.5
2297.2,2293.3
2462.6,2296.2
1841.7,2298.9
2085.5,2301.6
1930,2298.8
2425.1,2301.8
2450.7,2300.5
2674.6,2298.8
2701.8,2300.2
2178.8,2303.1
2055.4,2305.2
2330.5,2306
2648.3,2307.5
2718.6,2307.1
2231.5,2307.7
2374.1,2311.6
2137.6,2309.4
2638.5,2310.4
2579.2,2314.2
2089.9,2311
2298.6,2310.3
2061.2,2311.7
2735.5,2312
1884.4,2312.9
2017,2313.8
2178.8,2313
2194.2,2316.5
2313.5,2315
2223,2314.9
2419.4,2318.9
2139.2,2315.8
2691.7,2318.2
2110.4,2318.5
2319.8,2321.4
2184.7,2320.7
2461.8,2319.2
2476.6,2320.5
2587.5,2319.9
2271.3,2324.7
2310.4,2320.7
2493.7,2321.1
2141.9,2321.6
2440.7,2323.6
1935,2322.2
2487.7,2321.9
2284.5,2324.7
2177.7,2324.8
2307.2,2325.1
2380.4,2328.4
2314,2327.1
2352.8,2326.7
2566.6,2326.2
2654.3,2327
2276.5,2328.8
2516.5,2328.2
2394.5,2329.5
2522,2330.3
1987.5,2332.6
2053.8,2334.2
1964.7,2333.6
2455.6,2338
1925.1,2335.1
2440.2,2332.4
2618.8,2332.6
2001.1,2334.4
2085.9,2336.9
2187.1,2335.1
2625.2,2339.7
2272.8,2337
2297.3,2338.1
2398.9,2336.5
2442.1,2337.9
2532.9,2336.4
1844.7,2339.5
2314.6,2339
2741.7,2339.3
2162.7,2340.4
2187.1,2341.1
1954.4,2344.5
2405.2,2342.6
2508.4,2343.6
1873,2344.4
2461,2346
2185.4,2348.8
2597.1,2347.1
2339.2,2348.9
2431,2348.2
1899.7,2356.9
2712.1,2357
2719.6,2355
2224.8,2359
2265.5,2358
2388.6,2359.6
2518.2,2362.7
2046.5,2360.5
1928.4,2359.5
2337,2359.4
2451.3,2364.3
2321.6,2359.2
1920.7,2360.2
2171.6,2362
2230.8,2362.7
2474,2365.5
2311.2,2366.3
2555.2,2362.7
2640.5,2363
2525.5,2364.3
2323.1,2365.6
2461.2,2367.3
2042.2,2367.8
2345.4,2368.9
1906.3,2369.3
1919.5,2370.3
2172.6,2369.1
2025,2370.8
2626,2371.7
1940.7,2372.2
2632.3,2372.5
2001.7,2374.9
2698.6,2377.4
1935.2,2377.4
2369.1,2380.1
2495.5,2381.2
2478.5,2381.2
2333.3,2382
1893,2384.7
2485.9,2383.3
1885.4,2389.2
2282.7,2387.1
1982.6,2387.4
2416,2385.4
2704.5,2386.3
2685.1,2391.2
2533,2394.3
2149.9,2394.8
2118.5,2395.3
1884.1,2399.5
2523.2,2403.9
2533,2403.8
2698.4,2405
1909.3,2404.4
2594.7,2405.8
2737.4,2407.8
1843.8,2407.6
2575.7,2408.5
1946.5,2411.3
2339.4,2412.3
2701,2413.1
2452,2414.3
1947.2,2416.9
2090.4,2419.2
2290.9,2418
2490.5,2421
2082.5,2418.3
1903.2,2422.1
2340.8,2419.9
2361.5,2420.6
2450.1,2424
2335.6,2424.4
2470.4,2425.5
2319.8,2429
2381.1,2429.6
2400.8,2430.8
2507,2428.4
2374.1,2431.3
2703.2,2429.1
2270.4,2431
2335.9,2432.5
2119.9,2431.8
2542.6,2433.7
2414.7,2436.5
2704.8,2437
2739,2439.8
1890.6,2438.2
2379.5,2439.5
2547.6,2439.5
2561.6,2439.4
2369.7,2441.4
1957.3,2443.9
2493.9,2444.2
1841.6,2443.7
2047.5,2444.9
2449.2,2444.7
2409,2448.5
2241.5,2446.4
2534.3,2448.3
2400.5,2449.4
1967.9,2449
2358.6,2449.9
2365.6,2452.6
1993.9,2451.5
2348.4,2452
2219.2,2450.9
1940.5,2456
2565.8,2456.5
2048,2458.7
2378.4,2459.7
2574.7,2459.5
2451.9,2457.9
2459.5,2458.2
2467.8,2458.6
1991.7,2458.8
2539.5,2459.5
2057,2459
1983.9,2460.8
2293.3,2460.2
2434.7,2464.5
2221.4,2465.7
2508.6,2464.6
1856.7,2462.7
2256.5,2464.9
2408.3,2465.2
2449.3,2467.2
2251,2467.2
2546.7,2468.4
2415,2469.5
2567.2,2467.4
1859.9,2467.9
2501.2,2469.6
2713.3,2469.5
2028.2,2473
2188,2472.1
2707.2,2470.7
2431,2474.3
2173.8,2473.5
1896.3,2476.8
2255.9,2475.2
2406.3,2475.6
2055.6,2475.4
1886.9,2479.6
2524.7,2482.6
2135.8,2483.8
2427.2,2485.5
2221.3,2487.3
2517.8,2486.9
2694.8,2491
2421.3,2495.6
2485.3,2492.6
1846.6,2493.5
2261.3,2494.9
2304.9,2495.6
2559.4,2496.7
2204.3,2501
2569.6,2498.4
2692,2500.3
2137.2,2501.6
2220.3,2503.7
2412.3,2503.9
2737.7,2506.2
2469.7,2506.4
2569.5,2509.2
2392.8,2510.5
2421.4,2509.2
2712.2,2513.6
2207.9,2510.6
2428.4,2511.4
2407.6,2516.7
2423.5,2517
2314.4,2519
2178.8,2519.7
2416.7,2520.8
2512.9,2520.5
2683.8,2525.6
2487.2,2521.6
2400.3,2525.7
2447.7,2524.1
2552,2527.6
2670.6,2527.9
2422.1,2526.1
2387.1,2527.8
2202.5,2528.6
2095.1,2528.3
2424.1,2533.6
2731.7,2535.3
1873.7,2535.9
2307.2,2536.1
1962.8,2536.8
2269.7,2538.9
2423.1,2540.1
2301.9,2543.7
2331.7,2545.9
2273.9,2547
2421.6,2551.3
2205.1,2550.6
2631.3,2547.6
2248.3,2550.1
2301.4,2550.8
2332.4,2553
2140.3,2554.2
2634.2,2554.8
1859.9,2555.7
2380.2,2557.3
2293.1,2563.6
2264,2563.8
2710.2,2562.1
2248.7,2564.8
2132.2,2565.5
2706.8,2567.9
2358.9,2570.1
2329.2,2571.4
2245.1,2572.1
1886.9,2575.5
2107.3,2574
2692.7,2576.6
2240.7,2582.2
2067.7,2584.2
2727,2585.9
2008,2586.4
2221.8,2587.3
2122.7,2589.1
2062.4,2589.4
2479.1,2591.4
2297.3,2590.7
2242.3,2590.6
2058,2598.6
2120.5,2597.4
2322.9,2600
2386.1,2603.2
1941.6,2604.6
2231.3,2608.9
2497,2606.4
1863.2,2606.1
1935.4,2607.3
2745.3,2610.2
2304.8,2608.9
2419.2,2614.1
2466.2,2612.1
2483.8,2611.8
1992.5,2612.3
2310.3,2613.7
2553.6,2616.9
1959.9,2615.7
1864.2,2615.7
2283,2616.8
2432.8,2616.9
2348.5,2617.2
2138.3,2620.1
2307.6,2620.8
2549.8,2621.8
2563.9,2624.1
1890.8,2628.3
2553.5,2630.3
1871.1,2630.3
2307.2,2632.3
1877.8,2636.9
1868.3,2637.1
2656.2,2640.6
2477.5,2641.5
2308.8,2641.8
1891.8,2647
2541.6,2648.1
2178.3,2647.4
2408.7,2650.2
2311.4,2648.5
2174.5,2655.8
2374.1,2655.7
2562.7,2657.4
2700.5,2660.4
2517.5,2662.6
1951.9,2661.8
2503,2661.4
2127.4,2662.4
2187,2662.7
1955.7,2675.1
2645.6,2680.7
2652.3,2679.7
2745.3,2682.4
2726.4,2687.1
2610.4,2689
2468.1,2692.6
1875.1,2688.9
2246.2,2690.1
2749.5,2689.2
1932.6,2690.2
2344.6,2691.2
2371.7,2693.7
2113.6,2693.3
2690.8,2692.5
2614.9,2695.6
1872.5,2698.4
1940.5,2697.4
2181.5,2697
2695.5,2699.8
2416.1,2699.3
2733,2699.3
2394.6,2700.4
1932.9,2701.9
2193,2703.5
1964.4,2703.2
2424.4,2703.8
2721.7,2706.9
2406.7,2707.4
2414.2,2707.9
2139.5,2712.5
2248.6,2711.3
2410.4,2711
2615.9,2714.6
2236.2,2712.8
2503.4,2715.5
2641.9,2717.2
2606.3,2715.5
2201.3,2715.2
2710,2717.2
2731.6,2717.4
2296.9,2720.1
2683,2721.9
2705.4,2719.8
2462.4,2724.8
2721,2722.3
2114.3,2725.6
2420.7,2724.8
2429.6,2725.2
2704.1,2726.6
2714,2727.4
2720.6,2728.1
2697.5,2730.5
2685.9,2730.5
2634.1,2734.5
2705.9,2731.9
2689.8,2735.5
2357.6,2736.5
2696.5,2737.9
2427.4,2740.7
2506.3,2741.9
1930.5,2743.4
2235.4,2744.1
2414.3,2742.7
2349.9,2747
2679.9,2747.2
2611.7,2753.2
2718.9,2749.5
1927.2,2751.2
2726,2755
1897.3,2757.1
2605.9,2760.9
2343.2,2755.6
2651.5,2758.2
2292.4,2758.3
2308.6,2759.8
2352.7,2761.1
2736.2,2760.5
2181.7,2763.4
2731,2766
2202.1,2766.5
2121.7,2766.7
1981.9,2768.8
2616.4,2767.7
1894.4,2770.7
1958,2776.6
2616,2778
2713.1,2776.2
1888.5,2776.5
2314,2778.6
2247.2,2781.2
3005,2012.4
3063.5,2012
3191.1,2013.1
3200.7,2013.5
3236.2,2013.7
3430.9,2014.2
2998.6,2014.2
3372.1,2014.4
3421.3,2013.7
3171.9,2013.2
3337.8,2015.9
2963.2,2016.2
3058.4,2019.1
2921.4,2015.8
3472.2,2017.6
3226.5,2018.2
3461.7,2017.5
3201.5,2018.9
3166.8,2020
3175,2019.7
3206.4,2021.3
3112.8,2019.6
3485.1,2021.1
3190.4,2021.5
3381.2,2020.7
2786.6,2022.3
2965.5,2024.8
3376.3,2023.4
3069,2026.2
3231.3,2027.1
3321.8,2027.1
3201.7,2024.8
3426.3,2026.5
2793.5,2028.1
3491.3,2027.1
3157.6,2028.9
3172,2028.9
3149.7,2030.8
3204.2,2032.8
2918.7,2031
2808.5,2032.3
3430.9,2034
3502.7,2035.1
3328.7,2034.1
3157.6,2036.1
3317,2038.4
3522,2034.8
3440.1,2036.7
3000,2039.3
3009.2,2036.4
3277.3,2037.8
3529.3,2038.7
3197.9,2038.7
3331.4,2040
2987.4,2041.1
3465.8,2042.9
2893.5,2041.8
3058.2,2041.9
2736.6,2041.8
2817.1,2042
3050.5,2041.8
3325,2043.9
3434.3,2042.8
3201.1,2042.9
2778.8,2042.7
2833,2043.6
3345.1,2043.8
2921.5,2043
3285.3,2046.4
3092.2,2045.2
3475.8,2045.5
2716.6,2044.2
3231.9,2047.3
2772,2048.9
2840.1,2046
2860.6,2045.6
3383.7,2048.4
2974,2049
2965.1,2048.1
3056.7,2048.5
2763.9,2048.9
3011.2,2051.8
3447.9,2048.8
2918,2050.2
2993.9,2051.4
3026.1,2051.5
3199.4,2052.1
3397.4,2051.6
3019,2054.6
3241.5,2055.6
2779.5,2054.7
3127.2,2055.1
3361.3,2056.8
2754.7,2057.4
3230.7,2057.3
3177,2058.3
3255,2059.7
3431,2063.4
2917.4,2060.8
2865,2062.7
2815.9,2063.7
2825,2063.1
2831.4,2064.9
3211,2063.7
2753.8,2064.6
2767.9,2066.2
3245.2,2065.5
3473.7,2065.6
3481.7,2065.8
3514.9,2070.9
3527.4,2070.2
2719.7,2069.3
3204.8,2070.5
3324.1,2069.4
3314.6,2069.8
3539,2070.6
3177.5,2071.2
3244.6,2072.6
3088.7,2075.6
3252.5,2071.3
3308.1,2070.9
3373.2,2072
3336.6,2073.4
2784.5,2074.9
3287.6,2075
3471,2074.3
3503.6,2076.2
3348.1,2077.1
3385.5,2076.4
3327.6,2077.1
2943.9,2077
3301.1,2077.9
3578.5,2080.3
3373,2080.8
2747.2,2078.4
3359.1,2081.1
3397,2077.6
3110.6,2081.1
2760,2079.5
3185.5,2080.1
2954.6,2081.9
3292.3,2082.1
2902.7,2082.8
3075.1,2083
3099.1,2081.9
2793,2083.2
3265.4,2083
3277.2,2083.4
3367.4,2084.8
3618.1,2085.6
3213.9,2086.4
3394.6,2084.7
3122.4,2085.6
3382.3,2085.7
2765.8,2084.9
2932.9,2087.4
2788.2,2089.1
3086.6,2087.6
3331.4,2089.5
3405.6,2089
2960.5,2091.7
3038.3,2088.4
3136,2090.6
3233.8,2089.6
3431.1,2091
2857.3,2090.5
3071.8,2089.7
2802.5,2091.8
3124.8,2091.4
2763,2092.4
3345.6,2095
2814.3,2094.2
3441.6,2095.3
2981.4,2095.5
3450,2093.6
2906.9,2097.1
3267.4,2095.8
3599,2095.2
2892.5,2097.2
3221,2097
3330.3,2095.8
3457.5,2096.5
2865.7,2097.7
2975.7,2098.2
3184.3,2097.8
3035.9,2099.3
3160.9,2100.5
2802.2,2100.1
2952.3,2099.9
3103.1,2098.5
2787.4,2101.4
3232.2,2099.8
3531.5,2100.7
3465.6,2101.8
3225.7,2101.1
3261.8,2102.5
3217,2102.6
3366.1,2108.6
3621.9,2105.1
3387.2,2103.4
2776.2,2105.3
3606.2,2104.7
3393.6,2106.3
3339.2,2108.4
3504.3,2106.9
3612.8,2109
3465.6,2108.8
2734.3,2109.4
3295.6,2110.1
3486.1,2112.1
3025.6,2109
3089.2,2109
3032.9,2109.7
2762.5,2111.8
3066.3,2110.7
2717,2112.5
2896,2112.2
3426.4,2112.6
3539.9,2114.6
3076.9,2113.6
3114.8,2114.7
3497.1,2115.7
3343.9,2115.2
3385.3,2113.8
3024.3,2116.7
3163.1,2116.6
3230.1,2115.1
3254.5,2115.7
3315.7,2116.6
3337,2117.6
2947.2,2119.8
3299.8,2116.1
3362.9,2118.8
3388.4,2117.8
3465.9,2120.4
3179.3,2122.1
2971.4,2120
3309.5,2121.8
3371.5,2120.3
3381.9,2121.6
2902.6,2120.9
2832.1,2121.5
3158.7,2121.6
2909.6,2122.4
3226.8,2122.3
3148.3,2123.2
2915.9,2123.2
2823.2,2124.6
3014.5,2125.7
3154.5,2127
3025.2,2127.9
3036.1,2128.4
2725.3,2130.8
3563,2132.4
3216.9,2131.5
3160.3,2130.8
3458.6,2132.5
2842.1,2133.5
3449.9,2134.3
2858.2,2134.1
3339.4,2136.4
3364.1,2133.3
3069.9,2135.7
3038.6,2137.5
3180.5,2136.7
3249.3,2136.2
3301.9,2136.9
2774.2,2137.7
2866.2,2137.9
3076.8,2138.9
2986,2138.5
3353.9,2138.8
3553.1,2139.2
3447,2139.5
3584.4,2139.7
3012.8,2140
2995.3,2143.1
3084.5,2143
3433,2142.4
3545.9,2142.6
3121.4,2142.1
3128.7,2143.5
3299.8,2143.5
3590,2144
3377.6,2143.8
3482.3,2148.5
3529.2,2146.8
3293.4,2146.1
3037.3,2145.6
3513.6,2147.9
3266.2,2147
3045,2149
3557.4,2148
3079.1,2147.7
3277.2,2148.5
2766.3,2151.8
2775.6,2149.2
3098.8,2148.9
3391.6,2150.4
3286,2150.3
3099.8,2153.9
3396.1,2155.7
3238.3,2159.5
2758.8,2157.3
3531.7,2158.4
2873.9,2156.8
2923.9,2158.5
3465.6,2161.3
3039.8,2159.3
3030.1,2160.9
3057.2,2160.4
3382.1,2160.6
3496.3,2160.1
3506.3,2163.5
3247.1,2160.9
3051.3,2162.6
3288.3,2161.1
3264.4,2161.9
3151.4,2163.3
3453.7,2162.7
3377.2,2165.4
3557.9,2166.1
3259.6,2165.8
3387.2,2166.9
3494.5,2167.4
3243.1,2167
3032.7,2169.5
3400.8,2169.6
3425,2169.6
2900.3,2171.2
2825.4,2172.1
3505.2,2172.8
3585.8,2171.7
3004.9,2173.2
3187.6,2173.3
3465.4,2174.9
3563.6,2174.6
3397.1,2175.8
3581.9,2175.7
2888.5,2176.5
3424.9,2176
2775.7,2176.3
3472.1,2178.2
2994.8,2177.9
3589.5,2178.6
3477.8,2178.8
2780.5,2180.3
2788.1,2179.9
3503.7,2178.8
3617.5,2181.7
3202,2180.1
2748.4,2185.8
2760.2,2183.3
2854.9,2184.5
3244.1,2182.1
3261.5,2185.4
3019.1,2184.8
3213.4,2183.1
3253.1,2182.9
3307.9,2182.9
3603.3,2185
2977.4,2184.4
2910.3,2184.1
3473.7,2186.2
2773.5,2185.7
3323.1,2187.7
2782.4,2186.3
2788.2,2189.5
2905.2,2190.4
3485.5,2186.7
3409.1,2187.6
3249.3,2190.7
2862.6,2190.9
3482.2,2191.4
2770.9,2191.8
3504.5,2190.7
3533.2,2191
2937.4,2192.7
2726.1,2192.4
3457.5,2193.1
3489,2193
3257.5,2194.8
3399,2194.8
3150.9,2196.6
3325,2197.3
3499.3,2195.2
3465.2,2196.7
3052.3,2196.6
3292.8,2196.1
2781.7,2198.3
2883.7,2196.1
3009.2,2196.7
3309.5,2199.9
3435.5,2199.5
2965.3,2198.6
2982.1,2197.8
3506.5,2199
2839.8,2200.8
2796.5,2199.5
2716,2202.7
3391.2,2201.9
2757.5,2201.3
2878.6,2201.4
3174.7,2201.1
3208.6,2201.4
2790.5,2204.3
3185.7,2202.8
2892.4,2204.5
3402,2203.1
3411.2,2205
3484.1,2202.5
3600.3,2204
3241.1,2203.8
2917.7,2204.7
3326.3,2206.7
3488.7,2205.9
2941.9,2205.9
3528.6,2205.9
2884.6,2206
2926.5,2207.4
2756.1,2206.9
2767.2,2207.4
3041.5,2208.2
2780.2,2210.7
3400.3,2208.6
3032.6,2209.8
3092.5,2209.4
3083.9,2209.4
3504.4,2214.2
2948.7,2210.5
3422.8,2214.8
2799.9,2210.8
3377.9,2210.2
3603.1,2212.3
3008.1,2211.2
3292.2,2211.8
3072.9,2211.9
3226.5,2212.8
3527,2214.2
3433.5,2214.6
3575,2215.2
3300.6,2218
3340.3,2216.7
2840.8,2219
2848.3,2216.5
2952.5,2217.2
2961.9,2217.4
2909.1,2219.1
3292.8,2220.7
3347.8,2221.4
3623.1,2220
2785.5,2219.1
3401.8,2220.1
3332.2,2220.6
2808.3,2220.5
3451.1,2220.8
2896.6,2223.3
3282.1,2224.1
3383.2,2222.2
2949.1,2223.7
3128.5,2225.7
3390.6,2224.1
3339.3,2225.7
3405.5,2226.5
3561.9,2227.5
3395.8,2224.9
2971.4,2225.9
2995.1,2227.1
3471,2227
3540.1,2228.5
2767.8,2227.6
3119.8,2230.4
3351.1,2228.8
3582.1,2227.4
2718,2231.4
2989.7,2229.4
3529.1,2231.2
3411.4,2229.7
3511.9,2229.4
3572.2,2228.7
2867.8,2230.6
3161.9,2230
3387.2,2231.2
3396.9,2232.8
3041.1,2231
3343.9,2231.4
3577.7,2230.9
2727.6,2234
2740.4,2233.7
3486.3,2232.3
3517.4,2232.8
2776.1,2232.3
2853.3,2233.6
2979.5,2234.4
3546.9,2233.8
2816.3,2233.7
2829.2,2234.4
3051.5,2234.1
3097.3,2235
3211.4,2236.8
3414,2236.3
3017.3,2234.6
3569.1,2235
3240.6,2236
3451.2,2235.6
3470.7,2236.4
3586.9,2238.1
3366.8,2236.6
3561.2,2239
2791.4,2237.3
3494.4,2236.8
3504.5,2238.9
2810.8,2238.7
3511.8,2241.7
3604.7,2238.5
2990.8,2241.8
2888.9,2244.3
2804.3,2242.4
3408.3,2241.9
3431.3,2243
2817.8,2242.5
3247,2244
3394.6,2242.5
2745,2245.2
2981,2243.3
3198.4,2244.1
2974.4,2248.9
3442.5,2244.8
3607.9,2246.1
2784.4,2246.8
3491.1,2245.7
3499.8,2246.9
2810.8,2246.2
3350,2247.2
3193.8,2246.8
2840.7,2248.4
2980.7,2249.8
3064,2253.2
3268.2,2250.3
2805.5,2250.6
2813,2253.8
2896.3,2250.8
3166.3,2253.8
2872.2,2253.8
3378.4,2253.7
3206.9,2252.5
2762.6,2252
3082.9,2253.1
3404.5,2252.8
2769.9,2254.5
3075.9,2254
3514.4,2254.5
3481.8,2253.7
3472.1,2254.6
2881.6,2256.7
3449,2256.4
2776.9,2255.8
3107.8,2257.4
2732.9,2256.3
3484.7,2259.1
3372,2258.4
3542.3,2259.6
3170.8,2261
2802.8,2261.7
3010.5,2261.1
3490.8,2262.6
3264.9,2263.6
3249.8,2263.5
2862.9,2263.3
2870.4,2263.3
3111.3,2264.4
3461.9,2263.4
2825,2263.2
3373.2,2263.8
3274.3,2265.6
3237.3,2264.8
3548.3,2265.7
2747.2,2264.6
3476.6,2269.2
3501.7,2265.7
2763.7,2268.3
3396.5,2265.9
3624.8,2267.9
2718.8,2267.1
3338.2,2268.5
3590.7,2271.9
2798.6,2267.4
3388.4,2268.3
3017.9,2268.8
3217.6,2269.6
3319,2269.2
2857.4,2269.8
3012.8,2270.2
3279.1,2271
3348.3,2271.1
2847.2,2271.3
2866.5,2269.2
3105.8,2273.8
3565.9,2274.5
3116.6,2272.5
3271.5,2272.8
2919.5,2272
3394.5,2270.9
3422.6,2272.6
2827.2,2273.1
3356.3,2271.5
3429.8,2273.2
3027.2,2272.7
3497.6,2273.3
3380.6,2274.6
2870.5,2275.7
2880.6,2276.2
3452,2274.1
3263.8,2276.2
3283.7,2275.1
2769.7,2275.9
3162.9,2278.5
3511.4,2276.3
3583.6,2277.5
2808.9,2276.3
3327.6,2276
3492.4,2276.3
2791.7,2277.3
3483.8,2277.3
3019.1,2280.3
3517.6,2278.5
3306.4,2280.1
3345.8,2278.9
3365.5,2279.5
2826.3,2280.8
3468.8,2279.6
2778.1,2279.2
3525.8,2282.5
3043.3,2283.7
2834.7,2280.1
3227,2281.9
3258.2,2283.3
3612.6,2281.3
3389.9,2281.2
3121.4,2283.6
2844.3,2284.9
3091.7,2287.2
3285.4,2286
3501.3,2285.1
2811.3,2286.1
2858.1,2284.6
2867.7,2287.9
3620.7,2289.1
2906.1,2289.4
2795.2,2287.8
3566.9,2287.9
3587.5,2293.1
2942,2286.9
3032.6,2286.8
3364.9,2286.5
3350.1,2287.8
2784.3,2287.6
3026.7,2287.5
2826.5,2287.9
2833.5,2288.5
2912.6,2287.6
2970.5,2288.5
3341.8,2290.1
2766.1,2290.4
3393.2,2289.4
2839.4,2290.4
2936.7,2291.1
3519.9,2290.4
2845.3,2291.5
2852.6,2291.8
3357,2292.5
3073.1,2293.1
3130.4,2293.4
3424.2,2291.9
3457.1,2294.6
2816.8,2293.5
2951.1,2293.1
3364.6,2295.9
3118.2,2293.8
3488.7,2295
2723.4,2294.6
3233.9,2295.2
3568.6,2295
3449.9,2300.8
2714.5,2296.8
3501.7,2296.1
3409.5,2297.5
3468.1,2298.3
2850.1,2303.1
2826.5,2300
3494.3,2300.9
2882.9,2300.8
3624.5,2300.9
2834.3,2299.5
2934,2304.6
3262.7,2302.1
3232,2302.3
3522.4,2301
2722.1,2301.1
3132.3,2302.8
3052.9,2301.8
3059.7,2302.7
2893.9,2302.7
3367,2302.4
3599.9,2304.4
3466.2,2304.1
3502.4,2303.4
3045.4,2305.3
3114.9,2307.2
3411.5,2309.2
2900.5,2305.5
3039.7,2309.5
3417.9,2305.9
3369.6,2309.3
3471.6,2307.9
2908.1,2307.1
3106.6,2307.3
3358.2,2308.1
2865.8,2309.1
3384.6,2308.1
3461.3,2309.2
2786,2308.9
2878.3,2308.8
3271,2310.5
2872.6,2309.7
3348.6,2311.1
3378,2311.8
2779.8,2311.9
2806.6,2312.3
3285.8,2312.1
2845,2311.9
3202.8,2315.9
2888.2,2312.5
3321.7,2313.8
2718.4,2312.8
2947.9,2314
2989.7,2314.1
3095.1,2314.6
2797.9,2314
2893.5,2313.9
3393.7,2314.5
2932.6,2314.5
2967,2314.5
2940.7,2315.6
3279.5,2316
3299.4,2314.4
3417.2,2316.1
3475.6,2316.3
3049.6,2318.4
3544.5,2317.4
3470.8,2317.3
2842.3,2318.8
3306.9,2318.7
3375.5,2319
3087.7,2320.6
3382.1,2319.4
3294.2,2319.6
3300,2320.1
3598.3,2321.6
2847,2321.4
2901,2320.7
2912.2,2319.3
3367,2319.3
3622.6,2320.8
3328.6,2321.5
2981.7,2321.1
3095.7,2321.3
3391.9,2322.9
3412.6,2324.9
3508.1,2325.9
3054.7,2322.5
3133.9,2323.3
2908.3,2322.9
2943.9,2323.9
2949.4,2326.6
2830.6,2324.9
3354.2,2324.5
3448.1,2324.3
2994.9,2325.1
2837.9,2325.7
3325.9,2327.4
2987,2326.3
3300.1,2326.7
2867.4,2327.3
3168.4,2329.2
2741.6,2328
2874.4,2326.6
3061.2,2328.3
3214.3,2328.5
3521.9,2331.1
3199.5,2328.5
3282.9,2331.4
3420.5,2328.9
3308.3,2328.8
2992,2331
2879.7,2330.6
3007.1,2330.5
3389.6,2334.1
2873.2,2335.9
3002.5,2334.4
3380.5,2334.2
3429.2,2333.7
3050.6,2334.2
3322.3,2336.5
2767.6,2337.6
2816.1,2337.2
3228.8,2335.6
3412.9,2335.1
2799.8,2337.9
3288.6,2338.1
3525.3,2338.4
3009.6,2338.9
2843.4,2340.1
3281,2339.8
3541.5,2342.5
3440.2,2343.4
3571.3,2345.3
3578.8,2344
3234,2345
3411.8,2345.3
2813.9,2345.3
2940.3,2344.7
3293.5,2346.3
3323.5,2345.9
3284.5,2347.1
2942,2350.8
2829.9,2349.1
2838.9,2350.3
3302.5,2351.1
2812.1,2352.4
2848.7,2351
3022.1,2352.8
3312.3,2352.2
3555.9,2355.1
2857.4,2353.6
2834,2354.4
3157.8,2355
3350.8,2356.3
2825.4,2357.4
3061,2355.1
3420.9,2354.4
3012.9,2356.3
3307.5,2355.8
3467,2357.4
3369.9,2356.3
3408.7,2359.8
2808.1,2358.8
2932.5,2359.1
2990.2,2359.4
3583,2359.4
2749,2358.6
2839.9,2358.1
3032.6,2359.1
3415.4,2358.6
3429.1,2360.7
2878.3,2359.4
2951.1,2361.1
2724.2,2360.1
3053.9,2359.6
2908.7,2363.1
3065.4,2363.7
2917.2,2363.8
3552.4,2363.7
2768.5,2363.1
3436.6,2364.7
3030.8,2366.7
2836.9,2365.9
2847.4,2365.8
2827.5,2367.3
2778.8,2368.1
2767.9,2370
3126.5,2371.3
3592.7,2370.5
2758.8,2370.7
2916,2370.2
3431,2374.5
3458.9,2370.6
3464.8,2370.3
2883.4,2371
2909.3,2372.3
2965.3,2371.5
3391.4,2374.4
2877.3,2373.7
3064.3,2373.2
2892.1,2373.6
2815.6,2376.2
2832.9,2375
2983.3,2373.8
3468.9,2374.8
3030.6,2378.2
3449.8,2374.1
2943.8,2375.1
3497.2,2377.5
3533.9,2379.5
3545.1,2375.5
2772.6,2377.8
2810.7,2378.6
3038.7,2378.3
2886.9,2379.2
2844.7,2382.1
3066.8,2383.1
3585.7,2377.8
3381.7,2378.2
2792.6,2380.3
3119.5,2380.3
3060.9,2380.1
3453.1,2383.5
3562.3,2381.5
3519.5,2382.9
2872.3,2382.1
3321.6,2382.2
3439.3,2382.5
3601.9,2383
2776.3,2386.3
3339.1,2386.5
3123.9,2388.3
2818.1,2387
2945.1,2387.1
2807.2,2387.3
3606.5,2389.4
2762.2,2388.9
3094.9,2389.6
3412.5,2388.4
3015,2389.3
3541.2,2392
2923.8,2390.3
3308.4,2390.2
3325.7,2389.5
2929.7,2391.6
2960,2391.6
3460.4,2390.4
3498.1,2394.2
2772.1,2392.5
3513.4,2395.7
2822.8,2395.7
2857.6,2395.1
3111.8,2396.6
2715.7,2397.8
2791.9,2398
2724.8,2398.1
2839.4,2398.2
3058.9,2400.4
3301.2,2400.1
2979.2,2399.7
2954.6,2401.1
2836.5,2402.7
3015.8,2402.8
2817,2403
3051.1,2405
2823.6,2403.8
2936.6,2406.7
2847,2408.3
2863.1,2407.7
2951.7,2407.2
3019.6,2409.8
2967.7,2407.9
3574.6,2411.8
2727.6,2411
2825.6,2412.1
2839.7,2410.8
3182.8,2414.8
3063.1,2412.6
2782.6,2415.1
2878.5,2413.8
3464.3,2415.8
2986.8,2415
2936.1,2416.1
2970.2,2417.3
3059.6,2417.4
3622.1,2419.8
3090.6,2417.4
3228.6,2417.3
3203.1,2419.6
3374.6,2419.9
2820.9,2418
3581,2419.4
3485.7,2421.5
3084.7,2421.5
3499.3,2424.9
3521.6,2422.8
3037.9,2422.1
3552.3,2427.3
3012.4,2422.3
3057.7,2425.2
3386.6,2422.3
2972.6,2423.6
2962.6,2425.3
2828.1,2424.9
3089.4,2429.1
3580.5,2430.2
3377.7,2429.7
3124.2,2431.3
2831.9,2431
3590.3,2432
2786.6,2432.3
2934.2,2434.1
3153.9,2431.1
2827,2431.6
2972.7,2431.9
3003.9,2431.6
3542.6,2433.8
3288.2,2432.6
2926.2,2434.5
3403.7,2435.3
2904.2,2433.5
3422.3,2433.2
3357,2433.8
2843,2436.8
3102.4,2437.5
2952.5,2436.1
2812.5,2438.4
2833.6,2437.3
2894.1,2437.5
3517.4,2438.9
3440,2442.5
2962.6,2437.9
2854.2,2439.3
3357.1,2439.4
2753.9,2441.3
2789,2439.3
2905.7,2440.5
3079.6,2442.1
2942.3,2441.4
2949,2442
3067.4,2444.9
3086,2444.5
2928.9,2444.4
2844,2445.9
2956.4,2445.9
3592.7,2447.7
3331.2,2446.8
3449.3,2448.6
2767.6,2446.4
2939.8,2449.9
3321.4,2448.4
3406.9,2448
2873.4,2449.3
3383.4,2449.4
3395,2449.8
2929.4,2451.7
3260.3,2450
3349.4,2452.8
3602,2452.6
3247.8,2452.1
2845.3,2452.6
3494.8,2454.4
3376.7,2455.5
3335.8,2454.7
3238.5,2453.1
3543.3,2456.5
3265.6,2454.9
3183.5,2459.6
3584.2,2457.4
3403.3,2455.9
3105.3,2459.7
3300.6,2455.5
3255.1,2457
3576.3,2458.3
3410.7,2459.1
3240.9,2462.1
2963.3,2462.8
3302.9,2463.9
2864.2,2460.8
3384.3,2461
2794.5,2461.8
2768.5,2462.3
2979.8,2462.1
2761.1,2463.4
3325.4,2463
3397.4,2464.3
3568.9,2467.6
3331,2464.3
3409.2,2463.9
3088.9,2465.5
2870,2465.4
3373.8,2468.8
3532.7,2467.5
2824.7,2466.2
2843.3,2473
3576.8,2470.1
2810.7,2466.1
3451.4,2468.7
3474,2468.4
3259.7,2470.1
2805,2468
3392.4,2470.4
2830.5,2471
2755.6,2470.2
3044,2471.9
3060.4,2470
3175.6,2471.4
2864.2,2471.7
3285.6,2472.8
2798.7,2473.6
2909.8,2472.5
3075.5,2472
3415.4,2472.8
3538.3,2474.1
3352.1,2475.4
3380.1,2474.8
3365.8,2473.2
3325.1,2475.7
3344.5,2475.3
3207,2476.3
2885.6,2481.5
3549,2476.1
2833.8,2476.7
3002.8,2477.3
3277.4,2481.3
3361.3,2479.7
3224.9,2479.9
3585.6,2480.4
3024.6,2480.5
3543.4,2482.4
2905,2484.5
3043.6,2484.5
3250.1,2487.3
3019.8,2485.8
3582.1,2484.8
3032.3,2486.1
2779.2,2485.1
3319,2485.1
3241,2485
3229,2489.7
3591,2486.9
3469.4,2485.9
2784.5,2486.9
3363.1,2487.2
3265.2,2487.5
3460.2,2488.4
3537.7,2490.2
3239.8,2490.5
3258.9,2489.5
3439.9,2493
3208.3,2489.9
2786,2491.2
3307.1,2491.3
3421.9,2493.4
3467.2,2490.5
2791.8,2492
3518.9,2492.9
3399.6,2497.3
3524.3,2492.2
3496.7,2493.9
2977.3,2495.7
3029.7,2495.7
3529.6,2496.9
3231.9,2497.8
3238.8,2498
3367.9,2499.5
2837.1,2501.1
3435.6,2501.7
3536.1,2501
3021.1,2501.4
3428.7,2500.4
3512.5,2503.8
3411.1,2502
3474.6,2502.1
3026,2502.8
2874.9,2506.2
3315.4,2505.1
3394.2,2506.7
2823,2505.3
3074.2,2507.3
3228.9,2505.5
3419.4,2504.5
3569.9,2508.6
2813.8,2507.8
3220.9,2506.5
2848,2506.2
3165.7,2511.3
3305.5,2508
3604.4,2508.9
2828.1,2508.8
2869.3,2510.7
3378.1,2510.4
3199.8,2511.7
2774.4,2511.3
2957.4,2510.9
3527.2,2512.5
2796.5,2511.5
3218.1,2511
3210.7,2512.7
3453.9,2512.6
3305.4,2514.1
3609.8,2513.9
2951.9,2514.2
2883,2514.9
3515.2,2514.4
2787.3,2517.2
3485.5,2516.7
3258.5,2516
3378.2,2519
3239.2,2520.1
3350.3,2521.9
2851.8,2521
3358.7,2522
3503.2,2522.4
2888.2,2525.6
3227.9,2523.2
3492.7,2523.3
2819.9,2524.7
2757.3,2528.4
3328.4,2525
2776.5,2528
3163.3,2529.4
3223,2529.3
3473.6,2530.6
3507.8,2529.8
2780.4,2532.7
3185.2,2533.9
3217.2,2535.2
3420.2,2534
3621.9,2536.5
3088.4,2535.4
3193.5,2536.3
3269.4,2536.5
3547,2538.1
3584.7,2536
2828.1,2537.6
3299,2537.5
3412.7,2538
3507.2,2538.7
2782,2538.5
3081.6,2538.1
3406,2538.3
2799.3,2541.7
3387.3,2542.8
3325.5,2541.9
3334.7,2544.7
3569.4,2543
2827.8,2544.1
3362.6,2545.8
3531.5,2544.3
3274.3,2544.4
3315.6,2544.6
2909.1,2545.8
3175.7,2550.6
3310.6,2550.6
3542.6,2546.8
3536.9,2548.4
3045.8,2546.6
2857.5,2550.2
3269.1,2547.7
3148.4,2548.9
3382.9,2548.6
2800.1,2550.8
3331.4,2551.1
3507,2551.1
3349.6,2552.2
3202,2552.1
2875.8,2553.8
2912.5,2552.5
3136.3,2553.3
3530,2556.3
3542.4,2555.8
3089.4,2553.3
3341.9,2553.1
3143.8,2554
3320.4,2556.3
3077.2,2554
2729.5,2559.1
2865.6,2557.3
3516.7,2557.4
3083.8,2557.9
2802.2,2559.3
3151.4,2558.3
3185.8,2557.5
3346.8,2558.3
3077.9,2561.2
3137.5,2560.4
3491.3,2560.8
3004,2561.8
3188.1,2565.5
2783.4,2565.6
3607.6,2564.6
3355.7,2566.9
3564.1,2567.5
2911.5,2564.8
3304,2565.1
3326.6,2564.8
3046.2,2566.2
2869.7,2568.3
3291.1,2567.1
3167,2567.4
3061.7,2568.1
3169.5,2572
3311.1,2569.9
3129.6,2571
3327,2570.8
3611.8,2575.6
2892.9,2570.6
3302,2571.9
3051.7,2572.2
3105.7,2573
3389.8,2574.4
3600.9,2574.2
3334.5,2573.5
3216.7,2575.7
3253.4,2581.1
2903.8,2576.5
2978.8,2577.9
3264.5,2577
3360.8,2578.2
2896.6,2577.3
3521.8,2577.6
2912.8,2578.6
3113.7,2582.1
3306.2,2579.3
2900.4,2581.7
3437.6,2579.6
3603.9,2579.7
2790.1,2583.1
3274.5,2583.1
2751.1,2585.4
2952.4,2585.8
2987.2,2587.3
3343.4,2588.3
3539.8,2589.8
3138.7,2587.6
3499.5,2588.4
3442.3,2586.8
3523.2,2587.7
2902.8,2590.6
2869.9,2591
3181.4,2589.9
3107.4,2594.1
3304.7,2590.7
3025.7,2590.4
2972.3,2591
2914.4,2594.2
2981.5,2594.6
2991.8,2594.5
3424.5,2593.9
2751.1,2596.5
2938.2,2596.5
3297.8,2594.5
3055.8,2597.2
3589.6,2595.7
3244.5,2596.1
2840.7,2596.8
2849.8,2596.4
2875.2,2597.8
2766.2,2601.4
3310.2,2599.9
3036.8,2598.9
2831.7,2598.4
2997.3,2600.1
2844.8,2601.8
2992.1,2604.5
3124.3,2602.1
2865.6,2604.6
3232.4,2602.2
2950.4,2603.1
3336.7,2604.1
3167.9,2606.8
2817.6,2608
3039.8,2607.5
3084.4,2605.7
3229,2606.4
2847.1,2609
3322.2,2608.8
3592.5,2608.7
2841.2,2609.1
2896.3,2608.7
3128,2611.7
3304.4,2611.3
3265.7,2611.4
3296.1,2613.6
3337.6,2615.2
2900.7,2614
3329.8,2612.7
3370.6,2615.5
3061.9,2615.9
2932.2,2617
3587.6,2614.7
2757.9,2617.1
3383.8,2616.5
3399.1,2615.2
2810.6,2616.9
2846.6,2616.1
3013.6,2620.5
3101.1,2616.3
2840,2617.5
2915,2617.1
3499.8,2618.4
3201.1,2618
3327.4,2618.3
2816.5,2619.8
2865.2,2619.5
2921,2620.5
3297.5,2621.4
2845.6,2621.2
3188,2625.2
3613.6,2623.2
3126.7,2622.1
3442.9,2621.5
3402,2625.4
2987.6,2625.1
3289.9,2622.7
3314,2622.6
3495.5,2626.7
2842.2,2628.2
2899.7,2627.9
3031.7,2626.1
3097.8,2625.9
3275.5,2626.1
2922.3,2628.9
2949.4,2627.7
3457.3,2629.9
2972.6,2628.6
3010.9,2630.8
3263.6,2634
3566,2631.3
3099.7,2632.5
3174.2,2633.8
2763,2633.5
2927.9,2632.7
3132.4,2633.2
2989.9,2634.1
2843.6,2635.8
3411.8,2635.8
2919.6,2635
3375.5,2636
3499.3,2637.8
3144.1,2639.2
3464.4,2638.7
3484.1,2639.6
2769,2643.3
3246.4,2642
3321.9,2642.2
3406.8,2640.1
3557.3,2639.2
2935.4,2642.8
2848.6,2640.8
2893,2643.9
3221.6,2643.6
3401.7,2643.3
3167.7,2644.2
3562.1,2644.2
3259.7,2645.8
3287.2,2645.7
2846.7,2649.5
3496.3,2647.1
3414.5,2647.8
2875.5,2647.3
2931.2,2651
3439.5,2648.1
3229.7,2648.6
3426.7,2650.3
3434.3,2655
3388.6,2650.6
3249.7,2654.1
2993,2653.7
3405.3,2651.5
2793.4,2652
3513.3,2652.4
3123,2652.5
3240.9,2654.7
3282.2,2654.6
3391.3,2656.5
2963.1,2655.7
3015.9,2654.1
2956.7,2654.8
3197.1,2655.4
3383,2657.5
3403.9,2657.9
3009.5,2659.3
3321.7,2658.4
3192.5,2661.3
2854.1,2661
3032.8,2660.7
3240.9,2663
3378.7,2663.8
3393.6,2663.4
3283.3,2664
3594.8,2664.4
3470.3,2666.9
3345.3,2669.3
3585.8,2668.2
2851.3,2669
3135.8,2671.6
3579.9,2674.7
3385.6,2669.6
2858.3,2670.5
3340.1,2671.5
3391.3,2673
3002.5,2670.8
2813.8,2676.8
2994.2,2671.6
3121.8,2671
2930.4,2674.6
3156.4,2673.2
2948.2,2673.4
3175.3,2673.8
3592.1,2673.3
2878.5,2673.4
2941.5,2673.5
3499.9,2673.7
3601.7,2672.5
3106.8,2673.7
3608.6,2675.3
3249.1,2676.6
2756.2,2677
3179.9,2675.7
3317.6,2676.2
2935.8,2676.3
3103.1,2676.4
2870.6,2680.1
3133.4,2678.5
3350.6,2677.9
3493.5,2681.5
3452.6,2681.4
3521.3,2680.5
3468.2,2679.8
3037.9,2680.8
3394,2681.8
3530.9,2680.7
3248,2683.9
3435.8,2683
3504.3,2683
3280,2682
3354.5,2683.6
3370.7,2682.3
3478.6,2683
2924.3,2684.4
3542.9,2683.6
3170.5,2684.2
3461.4,2684.5
3404.6,2686.6
2843.9,2687.4
2918.3,2686.4
3277.1,2687.4
3622.2,2689
3479.5,2689.2
2816,2690.7
3469.8,2689.7
3010.7,2690.3
3422.3,2691.2
3435.6,2691.3
2731.9,2692.3
3204.9,2691.7
2921,2695
3166.6,2694.1
3211,2694.1
3401.7,2694.2
3459.9,2693.9
3197.8,2696.1
3514.4,2695.4
3451.7,2695.6
2740.2,2698.5
3472.4,2696.3
3579.4,2697.6
3290.7,2697.9
3300.2,2697.1
3046,2697.5
3397.9,2697.2
3479.3,2699.9
2822.4,2699.9
3423.6,2700.8
3436.5,2698.7
2722,2698.9
3458.2,2701.7
3260.7,2702.8
3276.9,2701.1
3407,2704.3
3294.5,2702.7
3396,2703.5
2993.3,2707.5
3497.6,2702.1
3351.6,2703.4
2733.8,2704.7
3558.9,2705.3
3437.7,2705.2
3503.1,2706.2
3298.2,2707.8
3468.8,2708.7
3493.4,2708.9
2954.1,2711.7
3032.7,2711.1
3049.4,2709.7
3425.2,2708.1
3184.2,2708.8
3516,2709.3
3265.2,2709.2
3128.8,2712.8
3392.1,2711.6
3399.5,2713.2
3523,2711.7
3179.2,2711.2
3616.3,2714
3358.4,2711.9
2728,2713.1
3255.3,2713.8
3268.5,2715.5
3192.2,2713.7
3261.4,2716.5
3530,2716
3552.5,2717.5
2776.5,2718
3622.9,2719.1
3118.7,2719.2
2896.4,2720.1
3337.6,2719
3469.2,2721
3265.5,2721
3406.9,2721.3
3321.7,2722.4
3208,2722.9
2851,2726.4
3462.2,2724
3315.9,2724.9
3482.2,2725.5
3124.4,2731.7
3475.1,2726.2
3622.3,2727.9
3174.2,2727.6
3523.4,2728.8
3435.6,2728.4
3400.8,2729.9
3576,2731.7
2725.8,2734.8
3608.9,2731.6
2953.4,2733.1
3468.8,2733
2735.6,2735.3
3383.6,2734.7
3448.2,2735.6
3208,2734.8
3078.9,2735
3139.1,2735.8
3518.9,2735.6
3414,2737.1
3567.1,2736.3
3592.4,2737.4
2974.8,2737.9
3612.9,2736.1
3132,2738.7
2950.3,2737.6
3004.1,2737.9
3216.2,2740.2
3543.2,2739.3
3460.1,2739.6
3501.2,2741.2
3518.4,2742.3
2860.2,2743.4
3424.2,2741.3
3298.2,2742.6
3163.7,2744.6
3605.6,2745.5
2849.4,2744.7
2974.6,2746
3542.2,2745.6
3124.1,2747.2
2932.7,2747.8
2858,2751.2
2781.1,2752.6
3306.1,2750
3355.6,2751.8
3531.6,2750.2
3544.2,2753.6
2984.8,2752
3010.7,2752.6
3482.4,2754.3
3064.2,2755.1
2902.3,2758
3411.1,2755.4
2998.9,2758.5
3189.9,2755.8
3612.9,2760.3
3526.4,2757.1
2794.5,2757
3183.2,2757.2
3361.7,2757
3257.9,2758.2
2981.3,2759.8
2845.7,2761.3
3451.8,2761.1
3413.3,2761.2
2766.4,2761.4
2788.6,2765.5
2914.1,2761
3369.5,2764.7
3392.5,2763.8
3535.3,2764.4
3358.7,2763.6
3602.7,2766.7
2907.9,2765.3
2755.8,2765.7
3264.5,2765.1
3544.6,2765.3
3206.7,2764.6
2840.5,2766.7
3434.7,2766.3
3030.5,2768.4
2978.7,2766.4
3287.1,2768.1
2846.8,2770.2
3395.5,2772.4
3212.1,2770.7
3139.4,2771.2
3159,2776.2
2910.1,2777.6
2997.9,2775.5
3621.2,2776.1
3510.4,2778.9
3446.8,2777.3
3457.9,2778.2
3121.7,2779.6
3150.1,2779.9
3304.7,2780.6
2950.9,2781.2
3192.4,2781.4
3438.8,2782.3
2781.2,2782.1
3484.7,2782.1
